Workbook

Sheet Read me first
B2: Riziki Industrial Chemicals — Product Recipes
B3: For the mixing manager — the system that runs every batch mixed at the counter
B5: Why this matters
B6: Every batch mixed at the counter is calculated from exactly what is in this workbook — how much of each chemical goes in, and what size batch that is for. Get a quantity wrong here and every future batch of that product is mixed wrong, and every bottle's cost is worked out wrong too. This is the one part of the system worth double-checking before it is sent back.
B8: What to fill in
B9: Two sheets, in this order:
B10: 1. Products — one row per product. The products you already sell are listed for you; just fill in the batch size, the mixing steps, and any notes. Add a row at the bottom for anything not already listed.
B11: 2. Ingredients — one row per chemical that goes into a batch. Pick the product from the dropdown, pick the chemical from the dropdown (or type a new one if it is not listed), and enter how much of it goes into ONE batch at the size you gave it on the Products sheet.
B13: Cells shaded yellow are for you to fill in. Grey cells are already set and should not be changed. Pale teal cells fill themselves in automatically — leave them alone.
C15: Type here
C16: Already set — do not change
C17: Fills itself in — leave blank
B20: A worked example
B21: This is how "Multipurpose" is already recorded in the system, so you can see the shape expected. Do not copy this into the real sheets — it is here for reference only.
B24: Products | C24: Product name: Multipurpose
B25: Products | C25: Batch size: 20
B26: Products | C26: Batch size unit: L
B27: Products | C27: Mixing steps: Dissolve salt in warm water. Add Ungerol and stir until dissolved. Neutralise Ufacid with caustic solution, then add. Add C.M.A, colour and perfume. Top up to 20 L and rest until bubbles clear.
B28: Products | C28: Notes: (leave blank once you are sure of the recipe)
B29: Ingredients | C29: Product: Multipurpose
B30: Ingredients | C30: Chemical: Ungerol
B31: Ingredients | C31: Quantity: 1 (unit shown is kg, filled in automatically)
B32: Ingredients | C32: — next row —: Ufacid — 0.5 kg, Salt — 1 kg, Caustic Soda — 0.02 kg, C.M.A — 0.02 kg, Colour — 0.02 kg, Perfume — 1 pcs — each its own row
B34: Sending it back
B35: Once both sheets are filled in, send the file back exactly as it is — nothing needs to be converted or reformatted. It gets checked against what is already in the system and loaded in the same way this example was: nothing assumed, nothing guessed.

Sheet Chemicals (reference)
B1: Chemicals already in the system
B2: For reference — this is what the Chemical dropdown on the Ingredients sheet is built from
A4: # | B4: Chemical | C4: Unit
A5: 1 | B5: Acid Thickener | C5: kg
A6: 2 | B6: B.G | C6: L
A7: 3 | B7: Blue Colour | C7: kg
A8: 4 | B8: Brown Colour | C8: kg
A9: 5 | B9: C.D.E | C9: kg
A10: 6 | B10: C.M.A | C10: kg
A11: 7 | B11: C.M.C | C11: kg
A12: 8 | B12: Caustic Soda | C12: kg
A13: 9 | B13: Chlorine | C13: kg
A14: 10 | B14: Citric Acid | C14: kg
A15: 11 | B15: Colour (assorted) | C15: kg
A16: 12 | B16: Conditioner Base | C16: kg
... A40: 36 | B40: White Oil | C40: L
B42: Not here? Just type the chemical's name directly into the Ingredients sheet and say what it's measured in (kg, L, or pcs) in that row's Note column — it will be added as new.

Sheet 1. Products
A1: 1. Products — one row per product
A2: The products already sold are listed below. Add any missing ones in the blank rows at the bottom.
A4: Product name | B4: Batch size | C4: Unit | D4: Mixing steps (in order) | E4: Notes / things to confirm
A5: Carwash Shampoo
A6: Degreaser
A7: Dettol-type
A8: Fabric Softener
A9: Handwash
A10: Jik
A11: Laundry Soap
A12: Multipurpose
A13: Shampoo
A14: Shower Gel
A15: Toilet Cleaner

Sheet 2. Ingredients
A1: 2. Ingredients — one row per chemical, per product
A2: Quantity is per ONE batch, at the batch size given for that product on the Products sheet.
A4: Product | B4: Chemical | C4: Quantity (per batch) | D4: Unit | E4: Note (e.g. "add slowly", or the unit if this chemical is new)
D5: =IF(B5="","",IFERROR(INDEX('Chemicals (reference)'!$C$5:$C$40,MATCH(B5,'Chemicals (reference)'!$B$5:$B$40,0)),"NEW - state unit"))
D6: =IF(B6="","",IFERROR(INDEX('Chemicals (reference)'!$C$5:$C$40,MATCH(B6,'Chemicals (reference)'!$B$5:$B$40,0)),"NEW - state unit"))
D7: =IF(B7="","",IFERROR(INDEX('Chemicals (reference)'!$C$5:$C$40,MATCH(B7,'Chemicals (reference)'!$B$5:$B$40,0)),"NEW - state unit"))
D8: =IF(B8="","",IFERROR(INDEX('Chemicals (reference)'!$C$5:$C$40,MATCH(B8,'Chemicals (reference)'!$B$5:$B$40,0)),"NEW - state unit"))
D9: =IF(B9="","",IFERROR(INDEX('Chemicals (reference)'!$C$5:$C$40,MATCH(B9,'Chemicals (reference)'!$B$5:$B$40,0)),"NEW - state unit"))
D10: =IF(B10="","",IFERROR(INDEX('Chemicals (reference)'!$C$5:$C$40,MATCH(B10,'Chemicals (reference)'!$B$5:$B$40,0)),"NEW - state unit"))
D11: =IF(B11="","",IFERROR(INDEX('Chemicals (reference)'!$C$5:$C$40,MATCH(B11,'Chemicals (reference)'!$B$5:$B$40,0)),"NEW - state unit"))
D12: =IF(B12="","",IFERROR(INDEX('Chemicals (reference)'!$C$5:$C$40,MATCH(B12,'Chemicals (reference)'!$B$5:$B$40,0)),"NEW - state unit"))
D13: =IF(B13="","",IFERROR(INDEX('Chemicals (reference)'!$C$5:$C$40,MATCH(B13,'Chemicals (reference)'!$B$5:$B$40,0)),"NEW - state unit"))
D14: =IF(B14="","",IFERROR(INDEX('Chemicals (reference)'!$C$5:$C$40,MATCH(B14,'Chemicals (reference)'!$B$5:$B$40,0)),"NEW - state unit"))
D15: =IF(B15="","",IFERROR(INDEX('Chemicals (reference)'!$C$5:$C$40,MATCH(B15,'Chemicals (reference)'!$B$5:$B$40,0)),"NEW - state unit"))
D16: =IF(B16="","",IFERROR(INDEX('Chemicals (reference)'!$C$5:$C$40,MATCH(B16,'Chemicals (reference)'!$B$5:$B$40,0)),"NEW - state unit"))
... D224: =IF(B224="","",IFERROR(INDEX('Chemicals (reference)'!$C$5:$C$40,MATCH(B224,'Chemicals (reference)'!$B$5:$B$40,0)),"NEW - state unit"))
